Workbook

Sheet Data_Sheet
B2: Id | C2: Status | D2: Amount | E2: Category | F2: Active | G2: Score
B3: 1 | C3: Active | D3: 150 | E3: A | F3: TRUE | G3: 85
B4: 2 | C4: Inactive | D4: 50 | E4: B | F4: FALSE | G4: 40
B5: 3 | C5: Active | D5: 220 | E5: A | F5: TRUE | G5: 92
B6: 4 | C6: Pending | D6: 80 | E6: C | F6: TRUE | G6: 60
B7: 5 | C7: Active | D7: 300 | E7: B | F7: TRUE | G7: 75
B8: 6 | C8: Inactive | D8: 120 | E8: A | F8: FALSE | G8: 30
B9: 7 | C9: Active | D9: 95 | E9: C | F9: TRUE | G9: 55
B10: 8 | C10: Pending | D10: 180 | E10: B | F10: TRUE | G10: 70
B11: 9 | C11: Active | D11: 240 | E11: A | F11: TRUE | G11: 88
B12: 10 | C12: Inactive | D12: 60 | E12: C | F12: FALSE | G12: 45

Sheet Pretty Print

Sheet Single vs. Multiple Lines
B2: Label | C2: Formula Text - Minified vs. Pretty Printed | D2: Live Formula | E2: Notes/Explanation
B3: Nested IF | C3: =_xlfn.FORMULATEXT(D3) -> =IF(Data_Sheet!$D$3>200,"Big",IF(Data_Sheet!$D$3>100,"Mid","Small")) | D3: =IF(Data_Sheet!$D$3>200,"Big",IF(Data_Sheet!$D$3>100,"Mid","Small")) -> Mid | E3: Multiple Lines Nest IF is short enough for a single line (<50 characters)
B4: Simple IF | C4: =_xlfn.FORMULATEXT(D4) -> =IF(Data_Sheet!$D$3>100,"Highest Amt","Lowest Amt") | D4: =IF(Data_Sheet!$D$3>100,"Highest Amt","Lowest Amt") -> Highest Amt | E4: Single Line Short enough (<50 characters), so only spaces added.
B5: TEXTJOIN | C5: =_xlfn.FORMULATEXT(D5) -> =TEXTJOIN("|",TRUE,"A","B","C") | D5: =_xlfn.TEXTJOIN("|",TRUE,"A","B","C") -> A|B|C | E5: Multiple Lines More than 4 parameters so multiple lines.
B6: SUMIFS | C6: =_xlfn.FORMULATEXT(D6) -> =SUMIFS(tblData[Amount],tblData[Status],"Active",tblData[Category],"A") | D6: =SUMIFS(tblData[Amount],tblData[Status],"Active",tblData[Category],"A") -> 610 | E6: Multiple Lines More than 4 parameters and > 50 characters.

Sheet Nesting
B2: Label | C2: Formula Text - Minified vs. Pretty Printed | D2: Live Formula | E2: Notes/Explanation
B3: Nested IFs | C3: =_xlfn.FORMULATEXT(D3) -> =IF(Data_Sheet!$F$3,IF(Data_Sheet!$C$3="Active",IF(Data_Sheet!$G$3>80,"A1",IF(Data_Sheet!$G$3>60,"A2","A3")),"Inactive"),"Off") | D3: =IF(Data_Sheet!$F$3,IF(Data_Sheet!$C$3="Active",IF(Data_Sheet!$G$3>80,"A1",IF(Data_Sheet!$G$3>60,"A2","A3")),"Inactive"),"Off") -> A1 | E3: Nesting Each IF level split and indented one step further. Innermost IF is short enough for a single line.
B4: Nested IF + AND/OR | C4: =_xlfn.FORMULATEXT(D4) -> =IF(AND(Data_Sheet!$C$3="Active",Data_Sheet!$G$3>=80),"Star",IF(OR(Data_Sheet!$F$3=FALSE,Data_Sheet!$G$3<50),"Watch","OK")) | D4: =IF(AND(Data_Sheet!$C$3="Active",Data_Sheet!$G$3>=80),"Star",IF(OR(Data_Sheet!$F$3=FALSE,Data_Sheet!$G$3<50),"Watch","OK")) -> Star | E4: Nesting Outer IF split. AND(...) and OR(…) short enough to stay on one line. Nested IF is too long, so it is split and indented one more level.

Sheet Parameter Matching
B2: Label | C2: Formula Text - Minified vs. Pretty Printed | D2: Live Formula | E2: Notes/Explanation
B3: SWITCH | C3: =_xlfn.FORMULATEXT(D3) -> =SWITCH(Data_Sheet!$E$3,"A",1,"B",2,"C",3,0) | D3: {=_xlfn.SWITCH(Data_Sheet!$E$3,"A",1,"B",2,"C",3,0)} -> 1 | E3: Parameter Matching Each match/result pair, then the default, each on its own line.
B4: IFS multi-branch | C4: =_xlfn.FORMULATEXT(D4) -> =IFS(Data_Sheet!$G$3>=90,"A",Data_Sheet!$G$3>=80,"B",Data_Sheet!$G$3>=70,"C",Data_Sheet!$G$3>=60,"D",TRUE,"F") | D4: {=_xlfn.IFS(Data_Sheet!$G$3>=90,"A",Data_Sheet!$G$3>=80,"B",Data_Sheet!$G$3>=70,"C",Data_Sheet!$G$3>=60,"D",TRUE,"F")} -> B | E4: Parameter Matching Five condition/value pairs, each pair on its own line.
B5: LET simple | C5: =_xlfn.FORMULATEXT(D5) -> =LET(x,Data_Sheet!$D$3,y,Data_Sheet!$G$3,x+y) | D5: =_xlfn.LET(_xlpm.x,Data_Sheet!$D$3,_xlpm.y,Data_Sheet!$G$3,_xlpm.x+_xlpm.y) -> 235 | E5: Parameter Matching Each LET name/value pair on its own line, final calculation on the last line.

Sheet Nested Parameter Matching
B2: Label | C2: Formula Text - Minified vs. Pretty Printed | D2: Live Formula | E2: Notes/Explanation
B3: Nested LET+IFS+SWITCH | C3: =_xlfn.FORMULATEXT(D3) -> =LET(amt,Data_Sheet!$D$3,cat,Data_Sheet!$E$3,tier,IFS(amt>250,"T1",amt>150,"T2",TRUE,"T3"),bonus,SWITCH(cat,"A",10,"B",5,0),tier&"-"&bonus) | D3: {=_xlfn.LET(_xlpm.amt,Data_Sheet!$D$3,_xlpm.cat,Data_Sheet!$E$3,_xlpm.tier,_xlfn.IFS(_xlpm.amt>250,"T1",_xlpm.amt>150,"T2",TRUE,"T3"),_xlpm.bonus,_xlfn.SWITCH(_xlpm.cat,"A",10,"B",5,0),_xlpm.tier&"-"&_xlpm.bonus)} -> T3-10 | E3: Nested Parameter Matching LET pairs parameters and values. IFS and SWITCH indented one level deeper and match parameters and values.

Sheet Safe Formulas
B2: Label | C2: Formula Text - Minified vs. Pretty Printed | D2: Live Formula | E2: Notes/Explanation
B3: TEXTJOIN | C3: =_xlfn.FORMULATEXT(D3) -> =TEXTJOIN(", ",TRUE,Data_Sheet!$B$3,Data_Sheet!$C$3,Data_Sheet!$E$3) | D3: =_xlfn.TEXTJOIN(", ",TRUE,Data_Sheet!$B$3,Data_Sheet!$C$3,Data_Sheet!$E$3) -> 1, Active, A | E3: Safe Comma delimiter skipped in quotes. All text is quotes skipped.
B4: CHOOSE | C4: =_xlfn.FORMULATEXT(D4) -> =CHOOSE(MATCH(Data_Sheet!$E$3,{"A","B","C"},0),"Alpha","Beta","Gamma") | D4: =CHOOSE(MATCH(Data_Sheet!$E$3,{"A","B","C"},0),"Alpha","Beta","Gamma") -> Alpha | E4: Safe Array constant {"A","B","C"} kept the way Excel likes with no spaces after each comma.
B5: Scientific notation | C5: =_xlfn.FORMULATEXT(D5) -> =1E+21*Data_Sheet!$A$1 | D5: =1E+21*Data_Sheet!$A$1 -> 0 | E5: Safe Scientific notation 1E+21 left untouched, no space inserted around the + sign.
B6: Percentage literal | C6: =_xlfn.FORMULATEXT(D6) -> =Data_Sheet!$A$1*50%+Data_Sheet!$D$3 | D6: =Data_Sheet!$A$1*50%+Data_Sheet!$D$3 -> 150 | E6: Safe Percentage literal 50% kept as-is, operator spacing applied around it.
B7: Error literal | C7: =_xlfn.FORMULATEXT(D7) -> =IF(-1>Data_Sheet!$A$1,TRUE,#N/A) | D7: =IF(-1>Data_Sheet!$A$1,TRUE,#N/A) -> #N/A | E7: Safe Error literal #N/A preserved as a literal, not treated as a reference.
B8: SUMPRODUCT | C8: =_xlfn.FORMULATEXT(D8) -> =SUMPRODUCT(--(tblData[Status]="Active"),--(tblData[Amount]>100),tblData[Amount]) | D8: {=SUMPRODUCT(--(tblData[Status]="Active"),--(tblData[Amount]>100),tblData[Amount])} -> 910 | E8: Safe The --() text to number coercions are correctly handled.
B9: Spill operator (#) | C9: =_xlfn.FORMULATEXT(D9) -> =IF(COUNT(Data_Sheet!$H$16#)>0,SUM(Data_Sheet!$H$16#)/COUNT(Data_Sheet!$H$16#),0) | D9: =IF(COUNT(_xlfn.ANCHORARRAY(Data_Sheet!$H$16))>0,SUM(_xlfn.ANCHORARRAY(Data_Sheet!$H$16))/COUNT(_xlfn.ANCHORARRAY(Data_Sheet!$H$16)),0) -> 0 | E9: Safe Spill operator # stays attached to its anchor reference, no space inserted before it.
